{
  "inputs": [
    [
      -0.7036798596382141,
      -0.21983034908771515,
      -1.0508043766021729
    ],
    [
      -0.2513209879398346,
      -0.7588156461715698,
      -0.9832170009613037
    ],
    [
      0.23554465174674988,
      1.4563549757003784,
      0.0822601467370987
    ]
  ],
  "outputs": [
    [
      -0.007036798633635044,
      -0.0021983033511787653,
      -0.010508043691515923
    ],
    [
      -0.0025132098235189915,
      -0.007588156498968601,
      -0.009832169860601425
    ],
    [
      0.23554465174674988,
      1.4563549757003784,
      0.0822601467370987
    ]
  ],
  "targets": [
    [
      0.0,
      0.0,
      0.0
    ],
    [
      0.0,
      0.0,
      0.0
    ],
    [
      0.0,
      0.0,
      0.0
    ]
  ],
  "gradients": {
    "inputs": [
      [
        -4.6911991375964135e-05,
        -1.4655355698778294e-05,
        -7.00536256772466e-05
      ],
      [
        -1.6754733223933727e-05,
        -5.058771057520062e-05,
        -6.554779974976555e-05
      ],
      [
        0.15702977776527405,
        0.9709033370018005,
        0.054840099066495895
      ]
    ]
  }
}