{
  "inputs": [
    [
      [
        [
          0.9505112171173096,
          1.2966482639312744,
          0.873796284198761,
          -0.5602594017982483
        ],
        [
          1.2857844829559326,
          0.8168238401412964,
          0.2053041011095047,
          0.3051071763038635
        ],
        [
          1.122018814086914,
          1.5663341283798218,
          2.558138370513916,
          -0.23336388170719147
        ],
        [
          -0.013472129590809345,
          1.8606348037719727,
          -1.9804062843322754,
          1.798582911491394
        ]
      ]
    ],
    [
      [
        [
          0.09300802648067474,
          0.6147403120994568,
          0.7123645544052124,
          -1.7765072584152222
        ],
        [
          0.3538645803928375,
          1.1996132135391235,
          -0.3029974102973938,
          -1.7618416547775269
        ],
        [
          -0.22813494503498077,
          -0.7892746329307556,
          -1.6111117601394653,
          -1.8716129064559937
        ],
        [
          0.5430836081504822,
          0.6606786251068115,
          2.2952115535736084,
          0.6749059557914734
        ]
      ]
    ]
  ],
  "outputs": [
    [
      [
        [
          1.2966482639312744,
          0.873796284198761
        ],
        [
          1.8606348037719727,
          2.558138370513916
        ]
      ]
    ],
    [
      [
        [
          1.1996132135391235,
          0.7123645544052124
        ],
        [
          0.6606786251068115,
          2.2952115535736084
        ]
      ]
    ]
  ],
  "targets": [
    [
      [
        [
          0.0,
          0.0
        ],
        [
          0.0,
          0.0
        ]
      ]
    ],
    [
      [
        [
          0.0,
          0.0
        ],
        [
          0.0,
          0.0
        ]
      ]
    ]
  ],
  "kernel_size": 2,
  "stride": 2,
  "gradients": {
    "inputs": [
      [
        [
          [
            0.0,
            0.6483241319656372,
            0.4368981420993805,
            0.0
          ],
          [
            0.0,
            0.0,
            0.0,
            0.0
          ],
          [
            0.0,
            0.0,
            1.279069185256958,
            0.0
          ],
          [
            0.0,
            0.9303174018859863,
            0.0,
            0.0
          ]
        ]
      ],
      [
        [
          [
            0.0,
            0.0,
            0.3561822772026062,
            0.0
          ],
          [
            0.0,
            0.5998066067695618,
            0.0,
            0.0
          ],
          [
            0.0,
            0.0,
            0.0,
            0.0
          ],
          [
            0.0,
            0.33033931255340576,
            1.1476057767868042,
            0.0
          ]
        ]
      ]
    ]
  }
}