{
  "inputs": [
    [
      -1.6000702381134033,
      1.6122626066207886,
      -0.07683771848678589
    ],
    [
      0.43807822465896606,
      4.045978546142578,
      -0.984331488609314
    ],
    [
      -0.34743982553482056,
      -1.9292927980422974,
      -0.5201976895332336
    ]
  ],
  "outputs": [
    [
      0.03286880627274513,
      0.8163610696792603,
      0.1507701426744461
    ],
    [
      0.026226306334137917,
      0.9674496650695801,
      0.006324008107185364
    ],
    [
      0.4885352849960327,
      0.10043982416391373,
      0.41102492809295654
    ]
  ],
  "targets": [
    [
      1.0,
      0.0,
      0.0
    ],
    [
      0.0,
      1.0,
      0.0
    ],
    [
      0.0,
      0.0,
      1.0
    ]
  ],
  "gradients": {
    "inputs": [
      [
        -0.9671311974525452,
        0.8163610696792603,
        0.1507701426744461
      ],
      [
        0.026226306334137917,
        -0.03255033865571022,
        0.006324008107185364
      ],
      [
        0.4885352849960327,
        0.10043982416391373,
        -0.5889750719070435
      ]
    ]
  }
}