{
  "inputs": [
    [
      -0.12289637327194214,
      -0.44192439317703247,
      2.2641584873199463
    ],
    [
      -1.7604082822799683,
      -0.4970580041408539,
      0.25311151146888733
    ]
  ],
  "outputs": [
    [
      -0.12228136509656906,
      -0.41523829102516174,
      0.9786330461502075
    ],
    [
      -0.9425485730171204,
      -0.4598003029823303,
      0.24784129858016968
    ]
  ],
  "targets": [
    [
      0.0,
      0.0,
      0.0
    ],
    [
      0.0,
      0.0,
      0.0
    ]
  ],
  "gradients": {
    "inputs": [
      [
        -0.08030195534229279,
        -0.2290945053100586,
        0.0275826845318079
      ],
      [
        -0.07012699544429779,
        -0.24172735214233398,
        0.15507838129997253
      ]
    ]
  }
}